index,batch,condition
REV1.0H.1,REV1,0H
REV1.0H.2,REV1,0H
REV1.0H.3,REV1,0H
REV1.0H.4,REV1,0H
REV1.0H.5,REV1,0H
REV1.0H.6,REV1,0H
REV1.0H.7,REV1,0H
REV1.0H.8,REV1,0H
REV1.0H.9,REV1,0H
REV1.0H.10,REV1,0H
REV1.0H.11,REV1,0H
REV1.0H.12,REV1,0H
REV1.0H.13,REV1,0H
REV1.0H.14,REV1,0H
REV1.0H.15,REV1,0H
REV1.0H.16,REV1,0H
REV1.0H.17,REV1,0H
REV1.0H.18,REV1,0H
REV1.0H.19,REV1,0H
REV1.0H.20,REV1,0H
REV1.0H.21,REV1,0H
REV1.0H.22,REV1,0H
REV1.0H.23,REV1,0H
REV1.48HREV.1,REV1,48HREV
REV1.48HREV.2,REV1,48HREV
REV1.48HREV.3,REV1,48HREV
REV1.48HREV.4,REV1,48HREV
REV1.48HREV.5,REV1,48HREV
REV1.48HREV.6,REV1,48HREV
REV1.48HREV.7,REV1,48HREV
REV1.48HREV.8,REV1,48HREV
REV1.48HREV.9,REV1,48HREV
REV1.48HREV.10,REV1,48HREV
REV1.48HREV.11,REV1,48HREV
REV1.48HREV.12,REV1,48HREV
REV1.48HREV.13,REV1,48HREV
REV1.48HREV.14,REV1,48HREV
REV1.48HREV.15,REV1,48HREV
REV1.48HREV.16,REV1,48HREV
REV1.48HREV.17,REV1,48HREV
REV1.48HREV.18,REV1,48HREV
REV1.48HREV.19,REV1,48HREV
REV1.48HREV.20,REV1,48HREV
REV1.48HREV.21,REV1,48HREV
REV2.0H.1,REV2,0H
REV2.0H.2,REV2,0H
REV2.0H.3,REV2,0H
REV2.0H.4,REV2,0H
REV2.0H.5,REV2,0H
REV2.0H.6,REV2,0H
REV2.0H.7,REV2,0H
REV2.0H.8,REV2,0H
REV2.0H.9,REV2,0H
REV2.0H.10,REV2,0H
REV2.0H.11,REV2,0H
REV2.0H.12,REV2,0H
REV2.0H.13,REV2,0H
REV2.0H.14,REV2,0H
REV2.0H.15,REV2,0H
REV2.0H.16,REV2,0H
REV2.0H.17,REV2,0H
REV2.0H.18,REV2,0H
REV2.0H.19,REV2,0H
REV2.0H.20,REV2,0H
REV2.0H.21,REV2,0H
REV2.0H.22,REV2,0H
REV2.0H.23,REV2,0H
REV2.48HREV.1,REV2,48HREV
REV2.48HREV.2,REV2,48HREV
REV2.48HREV.3,REV2,48HREV
REV2.48HREV.4,REV2,48HREV
REV2.48HREV.5,REV2,48HREV
REV2.48HREV.6,REV2,48HREV
REV2.48HREV.7,REV2,48HREV
REV2.48HREV.8,REV2,48HREV
REV2.48HREV.9,REV2,48HREV
REV2.48HREV.10,REV2,48HREV
REV2.48HREV.11,REV2,48HREV
REV2.48HREV.12,REV2,48HREV
REV2.48HREV.13,REV2,48HREV
REV2.48HREV.14,REV2,48HREV
REV2.48HREV.15,REV2,48HREV
REV2.48HREV.16,REV2,48HREV
REV2.48HREV.17,REV2,48HREV
REV2.48HREV.18,REV2,48HREV
REV2.48HREV.19,REV2,48HREV
REV2.48HREV.20,REV2,48HREV
REV2.48HREV.21,REV2,48HREV
REV3.0H.1,REV3,0H
REV3.0H.2,REV3,0H
REV3.0H.3,REV3,0H
REV3.0H.4,REV3,0H
REV3.0H.5,REV3,0H
REV3.0H.6,REV3,0H
REV3.0H.7,REV3,0H
REV3.0H.8,REV3,0H
REV3.0H.9,REV3,0H
REV3.0H.10,REV3,0H
REV3.0H.11,REV3,0H
REV3.0H.12,REV3,0H
REV3.0H.13,REV3,0H
REV3.0H.14,REV3,0H
REV3.0H.15,REV3,0H
REV3.0H.16,REV3,0H
REV3.0H.17,REV3,0H
REV3.0H.18,REV3,0H
REV3.0H.19,REV3,0H
REV3.0H.20,REV3,0H
REV3.0H.21,REV3,0H
REV3.48HREV.1,REV3,48HREV
REV3.48HREV.2,REV3,48HREV
REV3.48HREV.3,REV3,48HREV
REV3.48HREV.4,REV3,48HREV
REV3.48HREV.5,REV3,48HREV
REV3.48HREV.6,REV3,48HREV
REV3.48HREV.7,REV3,48HREV
REV3.48HREV.8,REV3,48HREV
REV3.48HREV.9,REV3,48HREV
REV3.48HREV.10,REV3,48HREV
REV3.48HREV.11,REV3,48HREV
REV3.48HREV.12,REV3,48HREV
REV3.48HREV.13,REV3,48HREV
REV3.48HREV.14,REV3,48HREV
REV3.48HREV.15,REV3,48HREV
REV3.48HREV.16,REV3,48HREV
REV3.48HREV.17,REV3,48HREV
REV3.48HREV.18,REV3,48HREV
REV3.48HREV.19,REV3,48HREV
REV3.48HREV.20,REV3,48HREV
REV3.48HREV.21,REV3,48HREV
REV3.48HREV.22,REV3,48HREV
REV4.0H.1,REV4,0H
REV4.0H.2,REV4,0H
REV4.0H.3,REV4,0H
REV4.0H.4,REV4,0H
REV4.0H.5,REV4,0H
REV4.0H.6,REV4,0H
REV4.0H.7,REV4,0H
REV4.0H.8,REV4,0H
REV4.0H.9,REV4,0H
REV4.0H.10,REV4,0H
REV4.0H.11,REV4,0H
REV4.0H.12,REV4,0H
REV4.0H.13,REV4,0H
REV4.0H.14,REV4,0H
REV4.0H.15,REV4,0H
REV4.0H.16,REV4,0H
REV4.0H.17,REV4,0H
REV4.0H.18,REV4,0H
REV4.48HREV.1,REV4,48HREV
REV4.48HREV.2,REV4,48HREV
REV4.48HREV.3,REV4,48HREV
REV4.48HREV.4,REV4,48HREV
REV4.48HREV.5,REV4,48HREV
REV4.48HREV.6,REV4,48HREV
REV4.48HREV.7,REV4,48HREV
REV4.48HREV.8,REV4,48HREV
REV4.48HREV.9,REV4,48HREV
REV4.48HREV.10,REV4,48HREV
REV4.48HREV.11,REV4,48HREV
REV4.48HREV.12,REV4,48HREV
REV4.48HREV.13,REV4,48HREV
REV4.48HREV.14,REV4,48HREV
REV4.48HREV.15,REV4,48HREV
REV4.48HREV.16,REV4,48HREV
REV4.48HREV.17,REV4,48HREV
REV4.48HREV.18,REV4,48HREV
REV4.48HREV.19,REV4,48HREV
REV5.0H.1,REV5,0H
REV5.0H.2,REV5,0H
REV5.0H.3,REV5,0H
REV5.0H.4,REV5,0H
REV5.0H.5,REV5,0H
REV5.0H.6,REV5,0H
REV5.0H.7,REV5,0H
REV5.0H.8,REV5,0H
REV5.0H.9,REV5,0H
REV5.0H.10,REV5,0H
REV5.0H.11,REV5,0H
REV5.0H.12,REV5,0H
REV5.0H.13,REV5,0H
REV5.0H.14,REV5,0H
REV5.0H.15,REV5,0H
REV5.0H.16,REV5,0H
REV5.0H.17,REV5,0H
REV5.0H.18,REV5,0H
REV5.0H.19,REV5,0H
REV5.0H.20,REV5,0H
REV5.0H.21,REV5,0H
REV5.0H.22,REV5,0H
REV5.0H.23,REV5,0H
REV5.48HREV.1,REV5,48HREV
REV5.48HREV.2,REV5,48HREV
REV5.48HREV.3,REV5,48HREV
REV5.48HREV.4,REV5,48HREV
REV5.48HREV.5,REV5,48HREV
REV5.48HREV.6,REV5,48HREV
REV5.48HREV.7,REV5,48HREV
REV5.48HREV.8,REV5,48HREV
REV5.48HREV.9,REV5,48HREV
REV5.48HREV.10,REV5,48HREV
REV5.48HREV.11,REV5,48HREV
REV5.48HREV.12,REV5,48HREV
REV5.48HREV.13,REV5,48HREV
REV5.48HREV.14,REV5,48HREV
REV5.48HREV.15,REV5,48HREV
REV5.48HREV.16,REV5,48HREV
REV5.48HREV.17,REV5,48HREV
REV5.48HREV.18,REV5,48HREV
REV5.48HREV.19,REV5,48HREV
REV5.48HREV.20,REV5,48HREV
REV5.48HREV.21,REV5,48HREV
REV5.48HREV.22,REV5,48HREV
REV5.48HREV.23,REV5,48HREV
REV6.0H.1,REV6,0H
REV6.0H.2,REV6,0H
REV6.0H.3,REV6,0H
REV6.0H.4,REV6,0H
REV6.0H.5,REV6,0H
REV6.0H.6,REV6,0H
REV6.0H.7,REV6,0H
REV6.0H.8,REV6,0H
REV6.0H.9,REV6,0H
REV6.0H.10,REV6,0H
REV6.0H.11,REV6,0H
REV6.0H.12,REV6,0H
REV6.0H.13,REV6,0H
REV6.0H.14,REV6,0H
REV6.0H.15,REV6,0H
REV6.0H.16,REV6,0H
REV6.0H.17,REV6,0H
REV6.0H.18,REV6,0H
REV6.0H.19,REV6,0H
REV6.0H.20,REV6,0H
REV6.48HREV.1,REV6,48HREV
REV6.48HREV.2,REV6,48HREV
REV6.48HREV.3,REV6,48HREV
REV6.48HREV.4,REV6,48HREV
REV6.48HREV.5,REV6,48HREV
REV6.48HREV.6,REV6,48HREV
REV6.48HREV.7,REV6,48HREV
REV6.48HREV.8,REV6,48HREV
REV6.48HREV.9,REV6,48HREV
REV6.48HREV.10,REV6,48HREV
REV6.48HREV.11,REV6,48HREV
REV6.48HREV.12,REV6,48HREV
REV6.48HREV.13,REV6,48HREV
REV6.48HREV.14,REV6,48HREV
REV6.48HREV.15,REV6,48HREV
REV6.48HREV.16,REV6,48HREV
REV6.48HREV.17,REV6,48HREV
REV6.48HREV.18,REV6,48HREV
REV6.48HREV.19,REV6,48HREV
REV6.48HREV.20,REV6,48HREV
REV6.48HREV.21,REV6,48HREV
REV6.48HREV.22,REV6,48HREV
REV7.0H.1,REV7,0H
REV7.0H.2,REV7,0H
REV7.0H.3,REV7,0H
REV7.0H.4,REV7,0H
REV7.0H.5,REV7,0H
REV7.0H.6,REV7,0H
REV7.0H.7,REV7,0H
REV7.0H.8,REV7,0H
REV7.0H.9,REV7,0H
REV7.0H.10,REV7,0H
REV7.0H.11,REV7,0H
REV7.0H.12,REV7,0H
REV7.0H.13,REV7,0H
REV7.0H.14,REV7,0H
REV7.0H.15,REV7,0H
REV7.0H.16,REV7,0H
REV7.0H.17,REV7,0H
REV7.0H.18,REV7,0H
REV7.0H.19,REV7,0H
REV7.0H.20,REV7,0H
REV7.0H.21,REV7,0H
REV7.48HREV.1,REV7,48HREV
REV7.48HREV.2,REV7,48HREV
REV7.48HREV.3,REV7,48HREV
REV7.48HREV.4,REV7,48HREV
REV7.48HREV.5,REV7,48HREV
REV7.48HREV.6,REV7,48HREV
REV7.48HREV.7,REV7,48HREV
REV7.48HREV.8,REV7,48HREV
REV7.48HREV.9,REV7,48HREV
REV7.48HREV.10,REV7,48HREV
REV7.48HREV.11,REV7,48HREV
REV7.48HREV.12,REV7,48HREV
REV7.48HREV.13,REV7,48HREV
REV7.48HREV.14,REV7,48HREV
REV7.48HREV.15,REV7,48HREV
REV7.48HREV.16,REV7,48HREV
REV7.48HREV.17,REV7,48HREV
REV7.48HREV.18,REV7,48HREV
REV7.48HREV.19,REV7,48HREV
REV7.48HREV.20,REV7,48HREV
REV8.0H.1,REV8,0H
REV8.0H.2,REV8,0H
REV8.0H.3,REV8,0H
REV8.0H.4,REV8,0H
REV8.0H.5,REV8,0H
REV8.0H.6,REV8,0H
REV8.0H.7,REV8,0H
REV8.0H.8,REV8,0H
REV8.0H.9,REV8,0H
REV8.0H.10,REV8,0H
REV8.0H.11,REV8,0H
REV8.0H.12,REV8,0H
REV8.0H.13,REV8,0H
REV8.0H.14,REV8,0H
REV8.0H.15,REV8,0H
REV8.0H.16,REV8,0H
REV8.0H.17,REV8,0H
REV8.0H.18,REV8,0H
REV8.0H.19,REV8,0H
REV8.0H.20,REV8,0H
REV8.0H.21,REV8,0H
REV8.0H.22,REV8,0H
REV8.0H.23,REV8,0H
REV8.0H.24,REV8,0H
REV8.48HREV.1,REV8,48HREV
REV8.48HREV.2,REV8,48HREV
REV8.48HREV.3,REV8,48HREV
REV8.48HREV.4,REV8,48HREV
REV8.48HREV.5,REV8,48HREV
REV8.48HREV.6,REV8,48HREV
REV8.48HREV.7,REV8,48HREV
REV8.48HREV.8,REV8,48HREV
REV8.48HREV.9,REV8,48HREV
REV8.48HREV.10,REV8,48HREV
REV8.48HREV.11,REV8,48HREV
REV8.48HREV.12,REV8,48HREV
REV8.48HREV.13,REV8,48HREV
REV8.48HREV.14,REV8,48HREV
REV8.48HREV.15,REV8,48HREV
REV8.48HREV.16,REV8,48HREV
REV8.48HREV.17,REV8,48HREV
REV8.48HREV.18,REV8,48HREV
REV8.48HREV.19,REV8,48HREV
REV8.48HREV.20,REV8,48HREV
REV8.48HREV.21,REV8,48HREV
REV8.48HREV.22,REV8,48HREV
REV8.48HREV.23,REV8,48HREV